Index,Original Name,Latitude,Longitude,Google Maps Link
1,PXL_20251218_094955044.MP.jpg,31.2620693,34.8035324,"https://www.google.com/maps?q=31.262138888888888,34.80356388888889"
2,PXL_20251218_095013718.MP.jpg,31.2619336,34.8035589,"https://www.google.com/maps?q=31.262080555555556,34.803602777777776"
3,PXL_20251218_095015723.MP.jpg,31.2618942,34.80356,"https://www.google.com/maps?q=31.262080555555556,34.803602777777776"
4,PXL_20251218_095030854.MP.jpg,31.2619199,34.8035439,"https://www.google.com/maps?q=31.26178888888889,34.80343333333333"
5,PXL_20251218_095033370.MP.jpg,31.2619226,34.8035653,"https://www.google.com/maps?q=31.26178888888889,34.80343333333333"
6,PXL_20251218_095043236.MP.jpg,31.2618195,34.8035144,"https://www.google.com/maps?q=31.26178888888889,34.80343333333333"
7,PXL_20251218_095044789.MP.jpg,31.2618195,34.8035144,"https://www.google.com/maps?q=31.261844444444446,34.80347222222222"
8,PXL_20251218_095057302.MP.jpg,31.2618475,34.8033247,"https://www.google.com/maps?q=31.261844444444446,34.80347222222222"
9,PXL_20251218_095100662.MP.jpg,31.2619217,34.8035104,"https://www.google.com/maps?q=31.261844444444446,34.80347222222222"
10,PXL_20251218_095114387.MP.jpg,31.2617888,34.8033269,"https://www.google.com/maps?q=31.26175,34.80347222222222"
11,PXL_20251218_095116999.MP.jpg,31.2617888,34.8033269,"https://www.google.com/maps?q=31.26175,34.80347222222222"
12,PXL_20251218_095122936.MP.jpg,31.261786,34.8032722,"https://www.google.com/maps?q=31.26175,34.80347222222222"
13,PXL_20251218_095133941.MP.jpg,31.2618374,34.8032368,"https://www.google.com/maps?q=31.261791666666667,34.80325555555555"
14,PXL_20251218_095147413.MP.jpg,31.261983333333333,34.80334166666666,"https://www.google.com/maps?q=31.261983333333333,34.80334166666666"
15,PXL_20251218_095151067.MP.jpg,31.2618988,34.8032443,"https:/www.google.com/maps?q=31.261983333333333,34.80334166666666"
16,PXL_20251218_095153078.MP.jpg,31.261983333333333,34.80334166666666,"https://www.google.com/maps?q=31.261983333333333,34.80334166666666"
17,PXL_20251218_095201189.MP.jpg,31.2620748,34.8032368,"https://www.google.com/maps?q=31.261983333333333,34.80334166666666"
18,PXL_20251218_095204854.MP.jpg,31.261983333333333,34.80334166666666,"https://www.google.com/maps?q=31.261983333333333,34.80334166666666"
19,1.jpg,31.262065199722223,34.803496,"https://www.google.com/maps?q=31.262065199722223,34.803495999999996"
20,10.jpg,31.2618938,34.8032995,"https://www.google.com/maps?q=31.262020799722222,34.80350949972222"
21,11.jpg,31.262020799722222,34.80350949972222,"https://www.google.com/maps?q=31.262020799722222,34.80350949972222"
22,12.jpg,31.2619827,34.8034197,"https://www.google.com/maps?q=31.262020799722222,34.80350949972222"
23,13.jpg,31.2620661,34.8034787,"https://www.google.com/maps?q=31.262020799722222,34.80350949972222"
24,17.jpg,31.2620166,34.8034884,"https://www.google.com/maps?q=31.262020799722222,34.80350949972222"
25,18.jpg,31.2620946,34.8035409,"https://www.google.com/maps?q=31.262020799722222,34.80350949972222"
26,2.jpg,31.2620157,34.8035538,"https://www.google.com/maps?q=31.2620448,34.803414399999994"
27,21.jpg,31.2620911,34.8035255,"https://www.google.com/maps?q=31.262085599722223,34.803440699999996"
28,22.jpg,31.2619834,34.8034684,"https://www.google.com/maps?q=31.262085599722223,34.803440699999996"
29,23.jpg,31.2619701,34.8035322,"https://www.google.com/maps?q=31.262085599722223,34.803440699999996"
30,24.jpg,31.2619231,34.8035588,"https://www.google.com/maps?q=31.262085599722223,34.803440699999996"
31,29.jpg,31.2618442,34.803503,"https://www.google.com/maps?q=31.262085599722223,34.803440699999996"
32,30.jpg,31.2617993,34.8033249,"https://www.google.com/maps?q=31.2620165,34.803367599999994"
33,5.jpg,31.2620448,34.803414399999994,"https://www.google.com/maps?q=31.2620448,34.803414399999994"
34,6.jpg,31.2620215,34.8033457,"https://www.google.com/maps?q=31.2620448,34.803414399999994"
35,7.jpg,31.2620568,34.8032915,"https://www.google.com/maps?q=31.2620448,34.803414399999994"
36,8.jpg,31.262016,34.8033017,"https://www.google.com/maps?q=31.2620448,34.803414399999994"
37,PXL_20251230_111952410.jpg,31.2619947,34.8041922,"https://www.google.com/maps?q=31.261947222222222,34.80426388888888"
38,PXL_20251230_111953988.jpg,31.262002,34.8042308,"https://www.google.com/maps?q=31.261947222222222,34.80426388888888"
39,PXL_20251230_111958816.jpg,31.2619684,34.8041761,"https://www.google.com/maps?q=31.261947222222222,34.80426388888888"
40,PXL_20251230_112006039.jpg,31.2619194,34.8041407,"https://www.google.com/maps?q=31.261947222222222,34.80426388888888"
41,PXL_20251230_112017648.jpg,31.2618832,34.8040785,"https://www.google.com/maps?q=31.261947222222222,34.80426388888888"
42,PXL_20251230_112032029.jpg,31.2619272,34.8041547,"https://www.google.com/maps?q=31.261947222222222,34.80426388888888"
43,PXL_20251230_112035553.jpg,31.2620143,34.804137,"https://www.google.com/maps?q=31.261947222222222,34.80426388888888"
44,PXL_20251230_112039736.jpg,31.2619519,34.8040173,"https://www.google.com/maps?q=31.261947222222222,34.80426388888888"
45,PXL_20251230_112044537.MP.jpg,31.262028,34.8040672,"https://www.google.com/maps?q=31.261947222222222,34.80426388888888"
46,PXL_20251230_112051242.jpg,31.2620542,34.8040184,"https://www.google.com/maps?q=31.261947222222222,34.80426388888888"
47,PXL_20251230_112100220.MP.jpg,31.2620111,34.8039878,"https://www.google.com/maps?q=31.261947222222222,34.80426388888888"
48,PXL_20251230_112103129.jpg,31.261947222222226,34.80426388888888,"https://www.google.com/maps?q=31.261947222222222,34.80426388888888"
49,PXL_20251230_112107825.MP.jpg,31.2619666,34.8040029,"https://www.google.com/maps?q=31.261947222222222,34.80426388888888"
50,PXL_20251230_112118924.MP.jpg,31.2619694,34.8041332,"https://www.google.com/maps?q=31.261947222222222,34.80426388888888"
51,PXL_20251230_112134061.jpg,31.2619795,34.8041933,"https://www.google.com/maps?q=31.261947222222222,34.80426388888888"
52,PXL_20251230_112136928.jpg,31.2619244,34.8041976,"https://www.google.com/maps?q=31.261947222222222,34.80426388888888"
53,PXL_20251230_112144231.jpg,31.2618823,34.8041257,"https://www.google.com/maps?q=31.261947222222222,34.80426388888888"
54,PXL_20251230_112148271.MP.jpg,31.2618823,34.8041257,"https://www.google.com/maps?q=31.261947222222222,34.80426388888888"
55,PXL_20251230_112437964.jpg,31.262249,34.8043593,"https://www.google.com/maps?q=31.261947222222222,34.80426388888888"
56,PXL_20251230_112439337.jpg,31.2622233,34.8043711,"https://www.google.com/maps?q=31.26196388888889,34.804230555555556"
57,PXL_20251230_112440439.jpg,31.2622123,34.8043239,"https://www.google.com/maps?q=31.26196388888889,34.804230555555556"
58,PXL_20251230_112504421.jpg,31.2622903,34.8044173,"https://www.google.com/maps?q=31.262219444444444,34.80401388888889"
59,PXL_20251230_112505779.jpg,31.2623031,34.8044312,"https://www.google.com/maps?q=31.262269444444446,34.80410555555555"
60,PXL_20251230_112506957.jpg,31.2622921,34.8044881,"https://www.google.com/maps?q=31.262269444444446,34.80410555555555"
61,PXL_20251230_112508430.jpg,31.2622279,34.8044194,"https://www.google.com/maps?q=31.262269444444446,34.80410555555555"
62,PXL_20251230_112512857.jpg,31.2622398,34.8043786,"https://www.google.com/maps?q=31.262269444444446,34.80410555555555"
63,PXL_20251230_112533643.jpg,31.2621619,34.8041329,"https://www.google.com/maps?q=31.262269444444446,34.80410555555555"
64,PXL_20251230_112558057.jpg,31.2621683,34.8039559,"https://www.google.com/maps?q=31.262269444444446,34.80410555555555"
65,PXL_20251230_112600884.jpg,31.2621692,34.8039355,"https://www.google.com/maps?q=31.262269444444446,34.80410555555555"
66,PXL_20251230_112612501.jpg,31.2620931,34.8039398,"https://www.google.com/maps?q=31.262269444444446,34.80410555555555"
67,PXL_20251230_112733851.jpg,31.2618318,34.8040096,"https://www.google.com/maps?q=31.26175,34.80394444444444"
68,PXL_20251230_112740927.jpg,31.2618153,34.8040165,"https://www.google.com/maps?q=31.26175,34.80394444444444"
69,PXL_20251230_113059224.jpg,31.2621747,34.8039565,"https://www.google.com/maps?q=31.262230555555554,34.80396666666666"
70,PXL_20251230_113100292.jpg,31.2621747,34.8039565,"https://www.google.com/maps?q=31.262230555555554,34.80396666666666"
71,PXL_20251230_113101705.jpg,31.262166,34.8038944,"https://www.google.com/maps?q=31.262230555555554,34.80396666666666"
72,PXL_20251230_113136555.MP.jpg,31.2621784,34.8037045,"https://www.google.com/maps?q=31.262230555555554,34.80396666666666"
73,PXL_20251230_113137908.jpg,31.2621807,34.803661,"https://www.google.com/maps?q=31.262230555555554,34.80396666666666"
74,PXL_20251230_113139348.jpg,31.2621697,34.803742,"https://www.google.com/maps?q=31.262230555555554,34.80396666666666"
75,PXL_20251230_113406307.jpg,31.2621806,34.8030524,"https://www.google.com/maps?q=31.262175,34.803213888888884"
76,PXL_20251230_113409734.jpg,31.2621682,34.8029816,"https://www.google.com/maps?q=31.262175,34.803213888888884"
77,PXL_20251230_113415171.jpg,31.2621679,34.8029352,"https://www.google.com/maps?q=31.262175,34.803213888888884"
78,PXL_20251230_113416560.jpg,31.2621826,34.8029314,"https://www.google.com/maps?q=31.262175,34.803213888888884"
79,PXL_20251230_113425542.jpg,31.2621514,34.802793,"https://www.google.com/maps?q=31.262175,34.803213888888884"
80,PXL_20251230_113427905.jpg,31.2621707,34.8028933,"https://www.google.com/maps?q=31.262175,34.803213888888884"
81,PXL_20251230_113429961.jpg,31.2621524,34.8028128,"https://www.google.com/maps?q=31.262175,34.803213888888884"
82,PXL_20251230_113518745.jpg,31.2621941,34.802246,"https://www.google.com/maps?q=31.261825,34.80260277777778"
83,PXL_20251230_113520812.jpg,31.2621797,34.8022734,"https://www.google.com/maps?q=31.261825,34.80260277777778"
84,PXL_20251230_113522334.jpg,31.2621641,34.8023334,"https://www.google.com/maps?q=31.261825,34.80260277777778"
85,PXL_20251230_113536561.jpg,31.2619239,34.8022766,"https://www.google.com/maps?q=31.261825,34.80260277777778"
86,PXL_20251230_113537526.jpg,31.2620843,34.8023131,"https://www.google.com/maps?q=31.261825,34.80260277777778"
87,PXL_20251230_113538406.jpg,31.2620843,34.8023131,"https://www.google.com/maps?q=31.261825,34.80260277777778"
88,PXL_20251230_113550745.jpg,31.2619615,34.8022937,"https://www.google.com/maps?q=31.261825,34.80260277777778"
89,PXL_20251230_113552028.jpg,31.2620174,34.8022852,"https://www.google.com/maps?q=31.261825,34.80260277777778"
90,PXL_20251230_113553281.jpg,31.261904,34.802357,"https://www.google.com/maps?q=31.261825,34.80260277777778"
91,PXL_20251230_113600327.jpg,31.2618957,34.8023935,"https://www.google.com/maps?q=31.261825,34.80260277777778"
92,PXL_20251230_113614602.jpg,31.2619122,34.8024763,"https://www.google.com/maps?q=31.261972222222223,34.80241944444444"
93,PXL_20251230_113615829.jpg,31.261973,34.8025119,"https://www.google.com/maps?q=31.261972222222223,34.80241944444444"
94,PXL_20251230_113653513.jpg,31.261972222222223,34.80241944444444,"https://www.google.com/maps?q=31.261972222222223,34.80241944444444"
100,PXL_20251230_113828677.jpg,31.2619066,34.8029516,"https://www.google.com/maps?q=31.261972222222223,34.80241944444444"
101,PXL_20251230_113829981.jpg,31.2619066,34.8029516,"https://www.google.com/maps?q=31.261972222222223,34.80241944444444"
102,PXL_20251230_113838557.jpg,31.2620059,34.8029551,"https://www.google.com/maps?q=31.261972222222223,34.80241944444444"
103,PXL_20251230_113840367.jpg,31.2620059,34.8029551,"https://www.google.com/maps?q=31.261972222222223,34.80241944444444"
104,PXL_20251230_113842717.MP.jpg,31.2620059,34.8029551,"https://www.google.com/maps?q=31.261972222222223,34.80241944444444"
105,PXL_20251230_113910597.MP.jpg,31.262067,34.8029525,"https://www.google.com/maps?q=31.261972222222223,34.80241944444444"
95,PXL_20251230_113737237.jpg,31.2620023,34.8028724,"https://www.google.com/maps?q=31.261972222222223,34.80241944444444"
96,PXL_20251230_113745936.jpg,31.2618859,34.8027963,"https://www.google.com/maps?q=31.261972222222223,34.80241944444444"
97,PXL_20251230_113815703.jpg,31.2618712,34.8029572,"https://www.google.com/maps?q=31.261972222222223,34.80241944444444"
98,PXL_20251230_113820959.jpg,31.2618712,34.8029572,"https://www.google.com/maps?q=31.261972222222223,34.80241944444444"
99,PXL_20251230_113827585.jpg,31.2619739,34.8029475,"https://www.google.com/maps?q=31.261972222222223,34.80241944444444"
106,PXL_20251230_114054729.jpg,31.26188888888889,34.802575,"https://www.google.com/maps?q=31.26188888888889,34.802575"
107,PXL_20251230_114059674.jpg,31.26188888888889,34.802575,"https://www.google.com/maps?q=31.26188888888889,34.802575"
108,PXL_20251230_114114169.jpg,31.2618531,34.8025376,"https://www.google.com/maps?q=31.26188888888889,34.802575"
109,PXL_20251230_114201001.jpg,31.26190833333333,34.802255555555554,"https://www.google.com/maps?q=31.261908333333334,34.802255555555554"
110,PXL_20251230_114202948.jpg,31.26190833333333,34.802255555555554,"https://www.google.com/maps?q=31.261908333333334,34.802255555555554"
111,PXL_20251230_114204571.jpg,31.2618607,34.8022694,"https://www.google.com/maps?q=31.261908333333334,34.802255555555554"
112,PXL_20251230_114207269.MP.jpg,31.26190833333333,34.802255555555554,"https://www.google.com/maps?q=31.261908333333334,34.802255555555554"
113,PXL_20251230_114218125.MP.jpg,31.2619853,34.8021388,"https://www.google.com/maps?q=31.261944444444445,34.801986111111106"
114,PXL_20251230_114222909.jpg,31.2619853,34.8021388,"https://www.google.com/maps?q=31.261944444444445,34.801986111111106"
115,PXL_20251230_114228381.jpg,31.2618982,34.8021326,"https://www.google.com/maps?q=31.261944444444445,34.801986111111106"
116,PXL_20251230_114236905.jpg,31.2618982,34.8021326,"https://www.google.com/maps?q=31.261944444444445,34.801986111111106"
117,PXL_20251230_114311704.jpg,31.2619104,34.8021916,"https://www.google.com/maps?q=31.261944444444445,34.801986111111106"
118,PXL_20251230_114321404.jpg,31.2619203,34.8022774,"https://www.google.com/maps?q=31.261944444444445,34.801986111111106"
119,PXL_20251230_114328668.jpg,31.2619203,34.8022774,"https://www.google.com/maps?q=31.261944444444445,34.801986111111106"
120,PXL_20251230_114343966.jpg,31.2619982,34.8022193,"https://www.google.com/maps?q=31.261944444444445,34.801986111111106"
121,PXL_20251230_114447902.jpg,31.2617928,34.8022023,"https://www.google.com/maps?q=31.261944444444445,34.801986111111106"
122,PXL_20251230_114449679.jpg,31.2616881,34.8022363,"https://www.google.com/maps?q=31.261944444444445,34.801986111111106"
123,PXL_20251230_114451618.jpg,31.2616935,34.8021818,"https://www.google.com/maps?q=31.261944444444445,34.801986111111106"
124,PXL_20251230_114502033.jpg,31.2617622,34.8021996,"https://www.google.com/maps?q=31.261944444444445,34.801986111111106"
125,PXL_20251230_114925863.jpg,31.2617332,34.8019913,"https://www.google.com/maps?q=31.26205277777778,34.80201666666667"
126,PXL_20251230_114927738.jpg,31.2616996,34.8019708,"https://www.google.com/maps?q=31.26205277777778,34.80201666666667"
127,PXL_20251230_114938556.jpg,31.2616996,34.8019708,"https://www.google.com/maps?q=31.26205277777778,34.80201666666667"
128,PXL_20251230_114940013.jpg,31.2617072,34.801834,"https://www.google.com/maps?q=31.26205277777778,34.80201666666667"
129,PXL_20251230_114950329.jpg,31.2617133,34.8019073,"https://www.google.com/maps?q=31.26205277777778,34.80201666666667"
130,PXL_20251230_114951635.jpg,31.2616988,34.8019073,"https://www.google.com/maps?q=31.26205277777778,34.80201666666667"
131,PXL_20251230_114953125.jpg,31.2616988,34.8019073,"https://www.google.com/maps?q=31.26205277777778,34.80201666666667"
132,PXL_20251230_115058660.jpg,31.2617523,34.8017392,"https://www.google.com/maps?q=31.261883333333333,34.80192777777778"
133,PXL_20251230_115101021.jpg,31.2617485,34.801732,"https://www.google.com/maps?q=31.261883333333333,34.80192777777778"
134,PXL_20251230_115114791.jpg,31.2617607,34.8015497,"https://www.google.com/maps?q=31.261883333333333,34.80192777777778"
135,PXL_20251230_115118735.jpg,31.2617607,34.8015497,"https://www.google.com/maps?q=31.261883333333333,34.80192777777778"
136,PXL_20251230_115120604.jpg,31.2617607,34.8015675,"https://www.google.com/maps?q=31.261883333333333,34.80192777777778"
137,PXL_20251230_115230620.jpg,31.2617607,34.8015675,"https://www.google.com/maps?q=31.261883333333333,34.80192777777778"
138,20251230_132134.jpg,31.2619865,34.8041837,"https://www.google.com/maps?q=31.262084399722223,34.80427699972222"
139,20251230_132140.jpg,31.2619105,34.8041475,"https://www.google.com/maps?q=31.262084399722223,34.80427699972222"
140,20251230_132143.jpg,31.2619311,34.8041185,"https://www.google.com/maps?q=31.262084399722223,34.80427699972222"
141,20251230_132326.jpg,31.2620561,34.8040672,"https://www.google.com/maps?q=31.2619511,34.80409399972222"
142,20251230_132441.jpg,31.2622182,34.8043249,"https://www.google.com/maps?q=31.262195599722222,34.80452819972222"
143,20251230_132443.jpg,31.2622182,34.8043249,"https://www.google.com/maps?q=31.262195599722222,34.80452819972222"
144,20251230_132449.jpg,31.2622331,34.8043551,"https://www.google.com/maps?q=31.262195599722222,34.80452819972222"
145,20251230_132451.jpg,31.2622331,34.8043551,"https://www.google.com/maps?q=31.262195599722222,34.80452819972222"
146,20251230_132454.jpg,31.2622222,34.8043229,"https://www.google.com/maps?q=31.262195599722222,34.80452819972222"
147,20251230_132511.jpg,31.2622222,34.8043229,"https://www.google.com/maps?q=31.262195599722222,34.80452819972222"
148,20251230_132516.jpg,31.2622222,34.8043229,"https://www.google.com/maps?q=31.262195599722222,34.80452819972222"
149,20251230_132545.jpg,31.2621391,34.8042203,"https://www.google.com/maps?q=31.262077999722223,34.80426899972222"
150,20251230_132611.jpg,31.2621363,34.8040174,"https://www.google.com/maps?q=31.262077999722223,34.80426899972222"
151,20251230_132614.jpg,31.2621363,34.8040174,"https://www.google.com/maps?q=31.262077999722223,34.80426899972222"
152,20251230_132654.jpg,31.2618072,34.8041249,"https://www.google.com/maps?q=31.2619146,34.80424119972222"
153,20251230_132657.jpg,31.2618399,34.8039565,"https://www.google.com/maps?q=31.2619146,34.80424119972222"
154,20251230_132658.jpg,31.2618399,34.8039565,"https://www.google.com/maps?q=31.2619146,34.80424119972222"
155,20251230_132711.jpg,31.2618399,34.8039565,"https://www.google.com/maps?q=31.2619146,34.80424119972222"
156,20251230_132713.jpg,31.2618399,34.8039565,"https://www.google.com/maps?q=31.2619146,34.80424119972222"
157,20251230_132739.jpg,31.2618158,34.8041027,"https://www.google.com/maps?q=31.261814499722224,34.80401659972222"
158,20251230_132741.jpg,31.2618198,34.8040933,"https://www.google.com/maps?q=31.261814499722224,34.80401659972222"
159,20251230_132742.jpg,31.2618198,34.8040933,"https://www.google.com/maps?q=31.261814499722224,34.80401659972222"
160,20251230_132744.jpg,31.2618198,34.8040933,"https://www.google.com/maps?q=31.261814499722224,34.80401659972222"
161,20251230_132752.jpg,31.2618215,34.8040772,"https://www.google.com/maps?q=31.261814499722224,34.80401659972222"
162,20251230_132754.jpg,31.2618215,34.8040772,"https://www.google.com/maps?q=31.261814499722224,34.80401659972222"
163,20251230_132804.jpg,31.2617969,34.8042757,"https://www.google.com/maps?q=31.261814499722224,34.80401659972222"
164,20251230_132811.jpg,31.2618152,34.8042067,"https://www.google.com/maps?q=31.261814499722224,34.80401659972222"
165,20251230_132813.jpg,31.2617992,34.8042422,"https://www.google.com/maps?q=31.261814499722224,34.80401659972222"
166,20251230_132815.jpg,31.2618021,34.8042187,"https://www.google.com/maps?q=31.261814499722224,34.80401659972222"
167,20251230_132817.jpg,31.2617958,34.804259,"https://www.google.com/maps?q=31.261814499722224,34.80401659972222"
168,20251230_132835.jpg,31.2618324,34.8043059,"https://www.google.com/maps?q=31.261906599722224,34.804415999999996"
169,20251230_132841.jpg,31.2618324,34.8043059,"https://www.google.com/maps?q=31.261906599722224,34.804415999999996"
170,20251230_132844.jpg,31.2618336,34.8043569,"https://www.google.com/maps?q=31.261906599722224,34.804415999999996"
171,20251230_132908.jpg,31.2618926,34.8043502,"https://www.google.com/maps?q=31.261906599722224,34.804415999999996"
172,20251230_132915.jpg,31.2619184,34.804377,"https://www.google.com/maps?q=31.261906599722224,34.804415999999996"
173,20251230_132916.jpg,31.2619522,34.8043924,"https://www.google.com/maps?q=31.261906599722224,34.804415999999996"
174,20251230_132917.jpg,31.2619161,34.8043971,"https://www.google.com/maps?q=31.261906599722224,34.804415999999996"
175,20251230_132929.jpg,31.262013,34.8043716,"https://www.google.com/maps?q=31.261939399722223,34.80447509972222"
176,20251230_132941.jpg,31.2620806,34.8043595,"https://www.google.com/maps?q=31.261939399722223,34.80447509972222"
177,20251230_133001.jpg,31.2621506,34.8040142,"https://www.google.com/maps?q=31.261939399722223,34.80447509972222"
178,20251230_133004.jpg,31.2621506,34.8040142,"https://www.google.com/maps?q=31.261939399722223,34.80447509972222"
179,20251230_133031.jpg,31.2621741,34.8036695,"https://www.google.com/maps?q=31.261939399722223,34.80447509972222"
180,20251230_133032.jpg,31.2621741,34.8036695,"https://www.google.com/maps?q=31.261939399722223,34.80447509972222"
181,20251230_133034.jpg,31.2621741,34.8036695,"https://www.google.com/maps?q=31.261939399722223,34.80447509972222"
182,20251230_133037.jpg,31.2621821,34.8036856,"https://www.google.com/maps?q=31.261939399722223,34.80447509972222"
183,20251230_133056.jpg,31.2621712,34.8037668,"https://www.google.com/maps?q=31.261939399722223,34.80447509972222"
184,20251230_133102.jpg,31.2621752,34.8037795,"https://www.google.com/maps?q=31.261939399722223,34.80447509972222"
185,20251230_133104.jpg,31.2621752,34.8037795,"https://www.google.com/maps?q=31.261939399722223,34.80447509972222"
186,20251230_133143.jpg,31.2621454,34.8039552,"https://www.google.com/maps?q=31.262185099722224,34.80391449972222"
187,20251230_133205.jpg,31.2617702,34.8038014,"https://www.google.com/maps?q=31.262185099722224,34.80391449972222"
188,20251230_133218.jpg,31.2617697,34.8037321,"https://www.google.com/maps?q=31.2617903,34.803856399999994"
189,20251230_133223.jpg,31.2617783,34.8036932,"https://www.google.com/maps?q=31.2617903,34.803856399999994"
190,20251230_133232.jpg,31.2617743,34.8035383,"https://www.google.com/maps?q=31.2617903,34.803856399999994"
191,20251230_133234.jpg,31.2617817,34.803594,"https://www.google.com/maps?q=31.2617903,34.803856399999994"
192,20251230_133237.jpg,31.2617743,34.8035974,"https://www.google.com/maps?q=31.2617903,34.803856399999994"
193,20251230_133314.jpg,31.2617702,34.8031675,"https://www.google.com/maps?q=31.2620897,34.80340429972222"
194,20251230_133316.jpg,31.2617674,34.803126,"https://www.google.com/maps?q=31.2620897,34.80340429972222"
195,20251230_133322.jpg,31.2617674,34.803126,"https://www.google.com/maps?q=31.2620897,34.80340429972222"
196,20251230_133324.jpg,31.2617674,34.803126,"https://www.google.com/maps?q=31.2620897,34.80340429972222"
197,20251230_133337.jpg,31.2617649,34.8029914,"https://www.google.com/maps?q=31.2620897,34.80340429972222"
198,20251230_133346.jpg,31.2617649,34.8029914,"https://www.google.com/maps?q=31.2620897,34.80340429972222"
199,20251230_133354.jpg,31.2617712,34.8029719,"https://www.google.com/maps?q=31.2620897,34.80340429972222"
200,20251230_133401.jpg,31.2617954,34.8029411,"https://www.google.com/maps?q=31.261828399722223,34.80278479972222"
201,20251230_133405.jpg,31.2617954,34.8029411,"https://www.google.com/maps?q=31.261828399722223,34.80278479972222"
202,20251230_133406.jpg,31.2617954,34.8029411,"https://www.google.com/maps?q=31.261828399722223,34.80278479972222"
203,20251230_133410.jpg,31.2617719,34.8029297,"https://www.google.com/maps?q=31.261828399722223,34.80278479972222"
204,20251230_133430.jpg,31.2617725,34.8029136,"https://www.google.com/maps?q=31.261828399722223,34.80278479972222"
205,20251230_133432.jpg,31.2617811,34.8028492,"https://www.google.com/maps?q=31.261828399722223,34.80278479972222"
206,20251230_133436.jpg,31.2617834,34.8027138,"https://www.google.com/maps?q=31.261828399722223,34.80278479972222"
207,20251230_133439.jpg,31.2617816,34.8028016,"https://www.google.com/maps?q=31.261828399722223,34.80278479972222"
208,20251230_133443.jpg,31.261773,34.8027493,"https://www.google.com/maps?q=31.261828399722223,34.80278479972222"
209,20251230_133447.jpg,31.261773,34.8027493,"https://www.google.com/maps?q=31.261828399722223,34.80278479972222"
210,20251230_133457.jpg,31.2617782,34.802693,"https://www.google.com/maps?q=31.2617899,34.8026525"
211,20251230_133458.jpg,31.2617788,34.8026534,"https://www.google.com/maps?q=31.2617899,34.8026525"
212,20251230_133500.jpg,31.2617788,34.8026534,"https://www.google.com/maps?q=31.2617899,34.8026525"
213,20251230_133521.jpg,31.2617874,34.8025166,"https://www.google.com/maps?q=31.2617899,34.8026525"
214,20251230_133544.jpg,31.2618177,34.8025971,"https://www.google.com/maps?q=31.2617899,34.8026525"
215,20251230_133546.jpg,31.2618309,34.8026145,"https://www.google.com/maps?q=31.2617899,34.8026525"
216,20251230_133548.jpg,31.2618309,34.8026145,"https://www.google.com/maps?q=31.2617899,34.8026525"
217,20251230_133620.jpg,31.2618246,34.8027044,"https://www.google.com/maps?q=31.262088899722222,34.802755399999995"
218,20251230_133626.jpg,31.261867,34.802697,"https://www.google.com/maps?q=31.262088899722222,34.802755399999995"
219,20251230_133637.jpg,31.2620585,34.8028829,"https://www.google.com/maps?q=31.262088899722222,34.802755399999995"
220,20251230_133639.jpg,31.2620155,34.8027676,"https://www.google.com/maps?q=31.262088899722222,34.802755399999995"
221,20251230_133700.jpg,31.2619009,34.8027944,"https://www.google.com/maps?q=31.262021799722223,34.803871599999994"
222,20251230_133710.jpg,31.2620373,34.802787,"https://www.google.com/maps?q=31.2620216,34.80275449972222"
223,20251230_133716.jpg,31.2620396,34.8027206,"https://www.google.com/maps?q=31.2620216,34.80275449972222"
224,20251230_133724.jpg,31.2620396,34.8027206,"https://www.google.com/maps?q=31.2620216,34.80275449972222"
225,20251230_133740.jpg,31.2620052,34.8029392,"https://www.google.com/maps?q=31.2620216,34.80275449972222"
226,20251230_133756.jpg,31.2621296,34.8029479,"https://www.google.com/maps?q=31.2620216,34.80275449972222"
227,20251230_133828.jpg,31.2621531,34.8029225,"https://www.google.com/maps?q=31.262005899722222,34.802760899999996"
228,20251230_133830.jpg,31.2621594,34.8030311,"https://www.google.com/maps?q=31.262005899722222,34.802760899999996"
229,20251230_133831.jpg,31.2621594,34.8030311,"https://www.google.com/maps?q=31.262005899722222,34.802760899999996"
230,20251230_133833.jpg,31.2621594,34.8030311,"https://www.google.com/maps?q=31.262005899722222,34.802760899999996"
231,20251230_133848.jpg,31.2621588,34.8028869,"https://www.google.com/maps?q=31.262005899722222,34.802760899999996"
232,20251230_133904.jpg,31.2621588,34.8028869,"https://www.google.com/maps?q=31.2619776,34.802764599999996"
233,20251230_133906.jpg,31.2621588,34.8028869,"https://www.google.com/maps?q=31.2619776,34.802764599999996"
234,20251230_133912.jpg,31.2621737,34.8028775,"https://www.google.com/maps?q=31.2619776,34.802764599999996"
235,20251230_133935.jpg,31.2621536,34.8025818,"https://www.google.com/maps?q=31.2619776,34.802764599999996"
236,20251230_134041.jpg,31.2619748,34.8025047,"https://www.google.com/maps?q=31.2619605,34.802757799999995"
237,20251230_134051.jpg,31.2619748,34.8025047,"https://www.google.com/maps?q=31.2619605,34.802757799999995"
238,20251230_134053.jpg,31.2619748,34.8025047,"https://www.google.com/maps?q=31.2619605,34.802757799999995"
239,20251230_134114.jpg,31.261847,34.802494,"https://www.google.com/maps?q=31.2619605,34.802757799999995"
240,20251230_134116.jpg,31.2618768,34.802504,"https://www.google.com/maps?q=31.2619605,34.802757799999995"
241,20251230_134132.jpg,31.2618458,34.8024926,"https://www.google.com/maps?q=31.2619605,34.802757799999995"
242,20251230_134230.jpg,31.2617203,34.8023351,"https://www.google.com/maps?q=31.261803,34.80242369972222"
243,20251230_134239.jpg,31.2617352,34.8022325,"https://www.google.com/maps?q=31.261803,34.80242369972222"
244,20251230_134244.jpg,31.2617352,34.8022325,"https://www.google.com/maps?q=31.261803,34.80242369972222"
245,20251230_134302.jpg,31.2617748,34.8021916,"https://www.google.com/maps?q=31.261803,34.80242369972222"
246,20251230_134312.jpg,31.2617748,34.8021916,"https://www.google.com/maps?q=31.261803,34.80242369972222"
247,20251230_134332.jpg,31.2619152,34.8023109,"https://www.google.com/maps?q=31.261943299722223,34.80242189972222"
248,20251230_134342.jpg,31.2619226,34.8022532,"https://www.google.com/maps?q=31.261943299722223,34.80242189972222"
249,20251230_134352.jpg,31.2618791,34.8022532,"https://www.google.com/maps?q=31.261943299722223,34.80242189972222"
250,20251230_134436.jpg,31.2617346,34.8022646,"https://www.google.com/maps?q=31.2618021,34.801793599999996"
251,20251230_134438.jpg,31.2617352,34.8022103,"https://www.google.com/maps?q=31.2618021,34.801793599999996"
252,20251230_134440.jpg,31.2617352,34.8022103,"https://www.google.com/maps?q=31.2618021,34.801793599999996"
253,20251230_134443.jpg,31.2617696,34.8021969,"https://www.google.com/maps?q=31.2618021,34.801793599999996"
254,20251230_134447.jpg,31.2617696,34.8021969,"https://www.google.com/maps?q=31.2618021,34.801793599999996"
255,20251230_134451.jpg,31.2617696,34.8021775,"https://www.google.com/maps?q=31.2618021,34.801793599999996"
256,20251230_134457.jpg,31.2617782,34.8022123,"https://www.google.com/maps?q=31.2618021,34.801793599999996"
257,20251230_134500.jpg,31.2617782,34.8022123,"https://www.google.com/maps?q=31.2618021,34.801793599999996"
258,20251230_134844.jpg,31.2617386,34.8020501,"https://www.google.com/maps?q=31.2619876,34.801999099999996"
259,20251230_134846.jpg,31.2619135,34.802042,"https://www.google.com/maps?q=31.2619876,34.801999099999996"
260,20251230_134854.jpg,31.2619679,34.8019582,"https://www.google.com/maps?q=31.2619876,34.801999099999996"
261,20251230_134856.jpg,31.2619929,34.8019141,"https://www.google.com/maps?q=31.2619876,34.801999099999996"
262,20251230_134900.jpg,31.2619413,34.8019429,"https://www.google.com/maps?q=31.2619876,34.801999099999996"
263,20251230_134915.jpg,31.2619636,34.8018377,"https://www.google.com/maps?q=31.2619876,34.801999099999996"
264,20251230_134917.jpg,31.261982,34.801835,"https://www.google.com/maps?q=31.2619876,34.801999099999996"
265,20251230_134919.jpg,31.2619986,34.8018155,"https://www.google.com/maps?q=31.2619876,34.801999099999996"
266,20251230_134931.jpg,31.2619889,34.8017451,"https://www.google.com/maps?q=31.2619876,34.801999099999996"
267,20251230_134932.jpg,31.2619889,34.8017451,"https://www.google.com/maps?q=31.2619876,34.801999099999996"
268,20251230_134945.jpg,31.2619441,34.8018745,"https://www.google.com/maps?q=31.261914199722224,34.80192869972222"
269,20251230_134946.jpg,31.2619441,34.8018745,"https://www.google.com/maps?q=31.261914199722224,34.80192869972222"
270,20251230_134951.jpg,31.2619441,34.8018745,"https://www.google.com/maps?q=31.261914199722224,34.80192869972222"
271,20251230_134952.jpg,31.2619138,34.8018806,"https://www.google.com/maps?q=31.261914199722224,34.80192869972222"
272,20251230_135005.jpg,31.2619069,34.801845,"https://www.google.com/maps?q=31.261914199722224,34.80192869972222"
273,20251230_135010.jpg,31.2619373,34.8018652,"https://www.google.com/maps?q=31.261914199722224,34.80192869972222"
274,20251230_135012.jpg,31.2619373,34.8018652,"https://www.google.com/maps?q=31.261914199722224,34.80192869972222"
275,20251230_135023.jpg,31.2619894,34.8017438,"https://www.google.com/maps?q=31.261914199722224,34.80192869972222"
276,20251230_135024.jpg,31.2619762,34.8017492,"https://www.google.com/maps?q=31.261914199722224,34.80192869972222"
277,20251230_135031.jpg,31.2619803,34.8017632,"https://www.google.com/maps?q=31.261914199722224,34.80192869972222"
278,20251230_135043.jpg,31.2619848,34.801715,"https://www.google.com/maps?q=31.2619708,34.80171839972222"
279,20251230_135047.jpg,31.261974,34.8017243,"https://www.google.com/maps?q=31.2619708,34.80171839972222"
280,20251230_135048.jpg,31.261974,34.8017243,"https://www.google.com/maps?q=31.2619708,34.80171839972222"
281,20251230_135052.jpg,31.261974,34.8017243,"https://www.google.com/maps?q=31.2619708,34.80171839972222"
282,20251230_135103.jpg,31.2619808,34.8015929,"https://www.google.com/maps?q=31.2619708,34.80171839972222"
283,20251230_135105.jpg,31.2619648,34.8015889,"https://www.google.com/maps?q=31.2619708,34.80171839972222"
284,20251230_135106.jpg,31.261982,34.8015902,"https://www.google.com/maps?q=31.2619708,34.80171839972222"
285,20251230_135110.jpg,31.261982,34.8015902,"https://www.google.com/maps?q=31.2619708,34.80171839972222"
286,20251230_135117.jpg,31.2619613,34.8015808,"https://www.google.com/maps?q=31.2619708,34.80171839972222"
287,20251230_135120.jpg,31.2619487,34.8015366,"https://www.google.com/maps?q=31.2619708,34.80171839972222"
288,20251230_135122.jpg,31.2619281,34.8015782,"https://www.google.com/maps?q=31.261980699722223,34.802488999999994"
289,20251230_135124.jpg,31.2619281,34.8015782,"https://www.google.com/maps?q=31.261980699722223,34.802488999999994"
290,20251230_135136.jpg,31.2619258,34.8016627,"https://www.google.com/maps?q=31.261900799722223,34.801699199999995"
291,20251230_135146.jpg,31.2619292,34.8016157,"https://www.google.com/maps?q=31.261919899722223,34.80168439972222"
292,20251230_135154.jpg,31.2619327,34.8016466,"https://www.google.com/maps?q=31.2619438,34.80170059972222"
293,20251230_135221.jpg,31.2619189,34.8014494,"https://www.google.com/maps?q=31.261921099722223,34.801573399999995"
294,20251230_135223.jpg,31.2619373,34.8014829,"https://www.google.com/maps?q=31.261921099722223,34.801573399999995"
295,20251230_135225.jpg,31.2619281,34.8015044,"https://www.google.com/maps?q=31.261921099722223,34.801573399999995"
296,20260111_205406.jpg,31.2620806,34.8010645,"https://www.google.com/maps?q=31.2623503,34.80097479972222"
297,20260111_205419.jpg,31.2620806,34.8010645,"https://www.google.com/maps?q=31.26223399722222,34.80107959444444"
298,20260111_205421.jpg,31.2621436,34.8010565,"https://www.google.com/maps?q=31.2622517,34.80108369972222"
299,20260111_205423.jpg,31.2621436,34.8010565,"https://www.google.com/maps?q=31.262226299722222,34.801079599999994"
300,20260111_205436.jpg,31.2620909,34.8011544,"https://www.google.com/maps?q=31.26212842777778,34.80115478055555"
301,20260111_205448.jpg,31.2620657,34.8011812,"https://www.google.com/maps?q=31.2621283,34.80115459972222"
302,20260111_205500.jpg,31.2621436,34.8011624,"https://www.google.com/maps?q=31.2621283,34.80115459972222"
303,20260111_205521.jpg,31.2621792,34.8013126,"https://www.google.com/maps?q=31.262109399722224,34.80134919972222"
304,20260111_205524.jpg,31.2621998,34.8012697,"https://www.google.com/maps?q=31.2621073,34.801351499999996"
305,20260111_205540.jpg,31.2621425,34.8013864,"https://www.google.com/maps?q=31.2621073,34.801351499999996"
306,20260111_205547.jpg,31.2621425,34.8013864,"https://www.google.com/maps?q=31.2621073,34.801351499999996"
307,20260111_205606.jpg,31.2621539,34.8015205,"https://www.google.com/maps?q=31.2621073,34.801351499999996"
308,20260111_205608.jpg,31.2620038,34.8014065,"https://www.google.com/maps?q=31.2621073,34.801351499999996"
309,20260111_205636.jpg,31.2618719,34.8011705,"https://www.google.com/maps?q=31.2620219,34.801428599999994"
310,20260111_205639.jpg,31.2618467,34.8012,"https://www.google.com/maps?q=31.2620219,34.801428599999994"
311,20260111_205644.jpg,31.2619029,34.8012161,"https://www.google.com/maps?q=31.2620219,34.801428599999994"
312,20260111_205646.jpg,31.2619441,34.8012335,"https://www.google.com/maps?q=31.262021977777778,34.80142861666666"
313,20260111_205706.jpg,31.2620576,34.8010659,"https://www.google.com/maps?q=31.261929399722224,34.8010479"
314,20260111_205708.jpg,31.262076,34.8010457,"https://www.google.com/maps?q=31.261929399722224,34.8010479"
315,20260111_205711.jpg,31.2620049,34.8010618,"https://www.google.com/maps?q=31.261929399722224,34.8010479"
316,20260111_205732.jpg,31.2619166,34.8010364,"https://www.google.com/maps?q=31.261974299722223,34.80106549972222"
317,20260111_205735.jpg,31.2619166,34.8010364,"https://www.google.com/maps?q=31.261974299722223,34.80106549972222"
318,20260111_205737.jpg,31.2619533,34.801035,"https://www.google.com/maps?q=31.261974369444445,34.801065511111105"
319,20260111_205742.jpg,31.2619396,34.801086,"https://www.google.com/maps?q=31.261974299722223,34.80106549972222"
320,20260111_205803.jpg,31.2618364,34.8011517,"https://www.google.com/maps?q=31.261974299722223,34.80106549972222"
321,20260111_205806.jpg,31.2618158,34.801212,"https://www.google.com/maps?q=31.261974299722223,34.80106549972222"
322,20260111_205808.jpg,31.2618656,34.8012094,"https://www.google.com/maps?q=31.261974299722223,34.80106549972222"
323,20260111_205821.jpg,31.2619092,34.8012315,"https://www.google.com/maps?q=31.261974299722223,34.80106549972222"
324,20260111_205824.jpg,31.2619281,34.8011939,"https://www.google.com/maps?q=31.2619396,34.8012753"
325,20260111_205831.jpg,31.2619052,34.8012576,"https://www.google.com/maps?q=31.2619298,34.801270099999996"
326,20260111_205845.jpg,31.2618221,34.8013569,"https://www.google.com/maps?q=31.2619298,34.801270099999996"
327,20260111_205848.jpg,31.2618014,34.8013321,"https://www.google.com/maps?q=31.261929819444443,34.801270197222216"
328,20260111_205850.jpg,31.2618014,34.8013321,"https://www.google.com/maps?q=31.2619298,34.801270099999996"
329,20260111_205855.jpg,31.2618564,34.8013435,"https://www.google.com/maps?q=31.2619298,34.801270099999996"
330,20260111_205909.jpg,31.2619321,34.8013804,"https://www.google.com/maps?q=31.261929819444443,34.801270197222216"
331,20260111_205912.jpg,31.2619321,34.8013804,"https://www.google.com/maps?q=31.2619298,34.801270099999996"
332,20260111_205934.jpg,31.2618444,34.8014762,"https://www.google.com/maps?q=31.261909325,34.801453511111106"
333,20260111_205936.jpg,31.2618444,34.8014762,"https://www.google.com/maps?q=31.261909325,34.801453511111106"
334,20260111_205939.jpg,31.2618444,34.8014762,"https://www.google.com/maps?q=31.261909299722223,34.801453499999994"
335,20260111_210025.jpg,31.261849,34.8014628,"https://www.google.com/maps?q=31.261865069444443,34.801479997222216"
336,20260111_210028.jpg,31.261849,34.8014628,"https://www.google.com/maps?q=31.261880825,34.801501788888885"
337,20260111_210038.jpg,31.2618524,34.8015158,"https://www.google.com/maps?q=31.2618808,34.801501699999996"
338,20260111_210041.jpg,31.2618204,34.8014683,"https://www.google.com/maps?q=31.261880825,34.801501788888885"
339,20260111_210100.jpg,31.2617697,34.8016389,"https://www.google.com/maps?q=31.261755799722224,34.80153649972222"
340,20260111_210102.jpg,31.2618087,34.8015343,"https://www.google.com/maps?q=31.261755799722224,34.80153649972222"
341,20260111_210111.jpg,31.2617501,34.8015172,"https://www.google.com/maps?q=31.261755799722224,34.80153649972222"
342,20260111_210121.jpg,31.2616922,34.8015547,"https://www.google.com/maps?q=31.261755799722224,34.80153649972222"
343,20260111_210134.jpg,31.2616922,34.8015547,"https://www.google.com/maps?q=31.261747299722224,34.80153899972222"
344,20260111_210137.jpg,31.2617163,34.8015567,"https://www.google.com/maps?q=31.261766999722223,34.801555"
345,20260111_210141.jpg,31.2617533,34.8016424,"https://www.google.com/maps?q=31.261766999722223,34.801555"
346,20260111_210149.jpg,31.261696,34.8016438,"https://www.google.com/maps?q=31.261766999722223,34.801555"
347,20260111_210152.jpg,31.2617212,34.8016505,"https://www.google.com/maps?q=31.261766999722223,34.801555"
348,20260111_210155.jpg,31.2617212,34.8016505,"https://www.google.com/maps?q=31.261766999722223,34.801555"
349,20260111_210158.jpg,31.261696,34.8016478,"https://www.google.com/maps?q=31.261767083333332,34.80155501388889"
350,20260111_210200.jpg,31.261696,34.8016478,"https://www.google.com/maps?q=31.261766999722223,34.801555"
351,20260111_210224.jpg,31.261696,34.8016478,"https://www.google.com/maps?q=31.261767083333332,34.80155501388889"
352,20260111_210226.jpg,31.2616994,34.8017041,"https://www.google.com/maps?q=31.261766999722223,34.801555"
353,20260111_210228.jpg,31.2616994,34.8017041,"https://www.google.com/maps?q=31.261766999722223,34.801555"
354,20260111_210252.jpg,31.2618003,34.8017135,"https://www.google.com/maps?q=31.2618428,34.80175129972222"
355,20260111_210255.jpg,31.2618221,34.801684,"https://www.google.com/maps?q=31.2618428,34.80175129972222"
356,20260111_210257.jpg,31.2618347,34.8015807,"https://www.google.com/maps?q=31.2618428,34.80175129972222"
357,20260111_210310.jpg,31.2619378,34.8016076,"https://www.google.com/maps?q=31.2618428,34.80175129972222"
358,20260111_210312.jpg,31.2619046,34.8016062,"https://www.google.com/maps?q=31.2618428,34.80175129972222"
359,20260111_210315.jpg,31.2618691,34.8017162,"https://www.google.com/maps?q=31.2618428,34.80175129972222"
360,20260111_210328.jpg,31.2619871,34.801676,"https://www.google.com/maps?q=31.261842897222223,34.80175131944444"
361,20260111_210334.jpg,31.2619871,34.801676,"https://www.google.com/maps?q=31.2620265,34.80164769972222"
362,20260111_210338.jpg,31.2619871,34.801676,"https://www.google.com/maps?q=31.2619958,34.80169719972222"
363,20260111_210350.jpg,31.2619871,34.8017551,"https://www.google.com/maps?q=31.2619958,34.80169719972222"
364,20260111_210353.jpg,31.2619871,34.8017551,"https://www.google.com/maps?q=31.261995825,34.80169725555555"
365,20260111_210407.jpg,31.2619871,34.8017551,"https://www.google.com/maps?q=31.261995825,34.80169725555555"
366,20260111_210410.jpg,31.2619963,34.8017846,"https://www.google.com/maps?q=31.2619958,34.80169719972222"
367,20260111_210421.jpg,31.2619883,34.8018798,"https://www.google.com/maps?q=31.261973799722224,34.801906599999995"
368,20260111_210423.jpg,31.2619883,34.8018798,"https://www.google.com/maps?q=31.261979147222224,34.801877802777774"
369,20260111_210426.jpg,31.2619722,34.8018436,"https://www.google.com/maps?q=31.2619791,34.80187779972222"
370,20260111_210429.jpg,31.2619356,34.8018543,"https://www.google.com/maps?q=31.2619791,34.80187779972222"
371,20260111_210438.jpg,31.2618519,34.8018637,"https://www.google.com/maps?q=31.261979147222224,34.801877802777774"
372,20260111_210441.jpg,31.2618553,34.8018946,"https://www.google.com/maps?q=31.2619791,34.80187779972222"
373,20260111_210443.jpg,31.2618553,34.8018946,"https://www.google.com/maps?q=31.2619791,34.80187779972222"
374,20260111_210447.jpg,31.2618542,34.801912,"https://www.google.com/maps?q=31.2619791,34.80187779972222"
375,20260111_210451.jpg,31.2618198,34.8018704,"https://www.google.com/maps?q=31.2619791,34.80187779972222"
376,20260111_210454.jpg,31.2618198,34.8018704,"https://www.google.com/maps?q=31.2619791,34.80187779972222"
377,20260111_210504.jpg,31.2619,34.8018664,"https://www.google.com/maps?q=31.2618809,34.80172749972222"
378,20260111_210512.jpg,31.2618072,34.8017819,"https://www.google.com/maps?q=31.2618793,34.80167579972222"
379,20260111_210515.jpg,31.2618633,34.8017524,"https://www.google.com/maps?q=31.261861299722224,34.801682799999995"
380,20260111_210518.jpg,31.2619058,34.8017068,"https://www.google.com/maps?q=31.261861380555555,34.80168283888889"
381,20260111_210520.jpg,31.2618931,34.8017323,"https://www.google.com/maps?q=31.2618806,34.80175559972222"
382,20260111_210535.jpg,31.2618427,34.8019871,"https://www.google.com/maps?q=31.261883699722222,34.801754599999995"
383,20260111_210554.jpg,31.2616948,34.8019764,"https://www.google.com/maps?q=31.2616902,34.80204969972222"
384,20260111_210556.jpg,31.2616983,34.8020367,"https://www.google.com/maps?q=31.2617328,34.802089699999996"
385,20260111_210559.jpg,31.2616971,34.8020756,"https://www.google.com/maps?q=31.2617328,34.802089699999996"
386,20260111_210601.jpg,31.2617328,34.8020897,"https://www.google.com/maps?q=31.2617328,34.802089699999996"
387,20260111_210609.jpg,31.2617441,34.8020917,"https://www.google.com/maps?q=31.2617328,34.802089699999996"
388,20260111_210637.jpg,31.2617418,34.8020796,"https://www.google.com/maps?q=31.2617328,34.802089699999996"
389,20260111_210639.jpg,31.2617418,34.8020796,"https://www.google.com/maps?q=31.2617328,34.802089699999996"
390,20260111_210641.jpg,31.2618209,34.8020542,"https://www.google.com/maps?q=31.2617328,34.802089699999996"
391,20260111_210655.jpg,31.2619631,34.802034,"https://www.google.com/maps?q=31.261944499722222,34.801959599999996"
392,20260111_210657.jpg,31.2619596,34.802093,"https://www.google.com/maps?q=31.26195152777778,34.80205491111111"
393,20260111_210659.jpg,31.2619596,34.802093,"https://www.google.com/maps?q=31.261951499722223,34.802054899999995"
394,20260111_210705.jpg,31.2619596,34.802093,"https://www.google.com/maps?q=31.261951499722223,34.802054899999995"
395,20260111_210727.jpg,31.2619573,34.8022486,"https://www.google.com/maps?q=31.26196623888889,34.802077374999996"
396,20260111_210729.jpg,31.2619436,34.8022191,"https://www.google.com/maps?q=31.26196623888889,34.802077374999996"
397,20260111_210737.jpg,31.2619436,34.8022191,"https://www.google.com/maps?q=31.26196623888889,34.802077374999996"
398,20260111_210746.jpg,31.2619677,34.80237,"https://www.google.com/maps?q=31.261966199722224,34.8020773"
399,20260111_210751.jpg,31.2619677,34.80237,"https://www.google.com/maps?q=31.26196623888889,34.802077374999996"
400,20260111_210753.jpg,31.2619636,34.8023311,"https://www.google.com/maps?q=31.261966199722224,34.8020773"
401,20260111_210755.jpg,31.2619636,34.8023311,"https://www.google.com/maps?q=31.261966199722224,34.8020773"
402,20260111_210757.jpg,31.2619384,34.8023076,"https://www.google.com/maps?q=31.261966199722224,34.8020773"
403,20260111_210810.jpg,31.2619189,34.8022949,"https://www.google.com/maps?q=31.261966199722224,34.8020773"
404,20260111_210812.jpg,31.2619189,34.8022949,"https://www.google.com/maps?q=31.26196623888889,34.802077374999996"
405,20260111_210814.jpg,31.2618685,34.8023002,"https://www.google.com/maps?q=31.261966199722224,34.8020773"
406,20260111_210816.jpg,31.2618673,34.8023479,"https://www.google.com/maps?q=31.2615371,34.802030499999994"
407,20260111_210818.jpg,31.2618673,34.8023479,"https://www.google.com/maps?q=31.2616356,34.802208799999995"
408,20260111_210833.jpg,31.2617974,34.8023546,"https://www.google.com/maps?q=31.261783094444443,34.80232782777777"
409,20260111_210840.jpg,31.2617974,34.8023546,"https://www.google.com/maps?q=31.261783,34.8023278"
410,20260111_210842.jpg,31.2617974,34.8023546,"https://www.google.com/maps?q=31.261783,34.8023278"
411,20260111_210853.jpg,31.2617728,34.8024464,"https://www.google.com/maps?q=31.261783,34.8023278"
412,20260111_210855.jpg,31.2617728,34.802431,"https://www.google.com/maps?q=31.261783,34.8023278"
413,20260111_210857.jpg,31.2617728,34.802431,"https://www.google.com/maps?q=31.261783094444443,34.80232782777777"
414,20260111_210916.jpg,31.2619465,34.802424,"https://www.google.com/maps?q=31.261783,34.8023278"
415,20260111_210922.jpg,31.2619488,34.8023992,"https://www.google.com/maps?q=31.261856,34.802639899999996"
416,20260111_210924.jpg,31.2618915,34.8024045,"https://www.google.com/maps?q=31.261850022222223,34.80274918611111"
417,20260111_210926.jpg,31.261868,34.8024609,"https://www.google.com/maps?q=31.261849999722223,34.80274909972222"
418,20260111_210927.jpg,31.2619092,34.8024428,"https://www.google.com/maps?q=31.261849999722223,34.80274909972222"
419,20260111_210941.jpg,31.2620531,34.8024803,"https://www.google.com/maps?q=31.261849999722223,34.80274909972222"
420,20260111_210943.jpg,31.2620428,34.8024957,"https://www.google.com/maps?q=31.261849999722223,34.80274909972222"
421,20260111_210947.jpg,31.2620428,34.8024957,"https://www.google.com/maps?q=31.261849999722223,34.80274909972222"
422,20260111_210953.jpg,31.262068,34.802491,"https://www.google.com/maps?q=31.261849999722223,34.80274909972222"
423,20260111_211003.jpg,31.2621471,34.8025105,"https://www.google.com/maps?q=31.261850022222223,34.80274918611111"
424,20260111_211005.jpg,31.2621471,34.8025105,"https://www.google.com/maps?q=31.261849999722223,34.80274909972222"
425,20260111_211007.jpg,31.2621397,34.8025226,"https://www.google.com/maps?q=31.261849999722223,34.80274909972222"
426,20260111_211019.jpg,31.2621677,34.8025413,"https://www.google.com/maps?q=31.261849999722223,34.80274909972222"
427,20260111_211029.jpg,31.2621595,34.8025861,"https://www.google.com/maps?q=31.262138199722223,34.80259439972222"
428,20260111_211045.jpg,31.2621595,34.8026022,"https://www.google.com/maps?q=31.262150399722223,34.802799799999995"
429,20260111_211047.jpg,31.2621836,34.8026096,"https://www.google.com/maps?q=31.26215047222222,34.80279981111111"
430,20260111_211050.jpg,31.26215047222222,34.80279981111111,"https://www.google.com/maps?q=31.26215047222222,34.80279981111111"
431,20260111_211052.jpg,31.2621687,34.8027001,"https://www.google.com/maps?q=31.262150399722223,34.802799799999995"
432,20260111_211116.jpg,31.262165,34.8028929,"https://www.google.com/maps?q=31.262150399722223,34.802799799999995"
433,20260111_211118.jpg,31.262165,34.8028788,"https://www.google.com/maps?q=31.262150399722223,34.802799799999995"
434,20260111_211120.jpg,31.262165,34.8028788,"https://www.google.com/maps?q=31.262150399722223,34.802799799999995"
435,20260111_211133.jpg,31.2621604,34.8029459,"https://www.google.com/maps?q=31.262150399722223,34.802799799999995"
436,20260111_211136.jpg,31.2621289,34.8029519,"https://www.google.com/maps?q=31.262150399722223,34.802799799999995"
437,20260111_211138.jpg,31.2621289,34.8029519,"https://www.google.com/maps?q=31.262150399722223,34.802799799999995"
438,20260111_211143.jpg,31.2621289,34.8029519,"https://www.google.com/maps?q=31.262056,34.80271139972222"
439,20260111_211158.jpg,31.2620805,34.80295,"https://www.google.com/maps?q=31.2619925,34.80297209972222"
440,20260111_211200.jpg,31.2620323,34.8029514,"https://www.google.com/maps?q=31.261992513888888,34.80297214444444"
441,20260111_211204.jpg,31.2620323,34.8029514,"https://www.google.com/maps?q=31.2619925,34.80297209972222"
442,20260111_211206.jpg,31.2619925,34.80297209972222,"https://www.google.com/maps?q=31.2619925,34.80297209972222"
443,20260111_211217.jpg,31.2619383,34.8029515,"https://www.google.com/maps?q=31.2619925,34.80297209972222"
444,20260111_211219.jpg,31.2618862,34.8029569,"https://www.google.com/maps?q=31.2619925,34.80297209972222"
445,20260111_211221.jpg,31.2618862,34.8029569,"https://www.google.com/maps?q=31.2619925,34.80297209972222"
446,20260111_211223.jpg,31.2618862,34.8029569,"https://www.google.com/maps?q=31.2619925,34.80297209972222"
447,20260111_211225.jpg,31.2618862,34.8029569,"https://www.google.com/maps?q=31.2619925,34.80297209972222"
448,20260111_211254.jpg,31.2617778,34.8029374,"https://www.google.com/maps?q=31.261982599722224,34.802761999999994"
449,20260111_211303.jpg,31.2617847,34.8029321,"https://www.google.com/maps?q=31.261982599722224,34.802761999999994"
450,20260111_211305.jpg,31.2617933,34.8029421,"https://www.google.com/maps?q=31.261982599722224,34.802761999999994"
451,20260111_211306.jpg,31.2617933,34.8029421,"https://www.google.com/maps?q=31.261982599722224,34.802761999999994"
452,20260111_211320.jpg,31.2617887,34.8028717,"https://www.google.com/maps?q=31.261982599722224,34.802761999999994"
453,20260111_211322.jpg,31.2617876,34.8027423,"https://www.google.com/maps?q=31.261982599722224,34.802761999999994"
454,20260111_211323.jpg,31.2617813,34.8027128,"https://www.google.com/maps?q=31.261982599722224,34.802761999999994"
455,20260111_211348.jpg,31.2617813,34.8027128,"https://www.google.com/maps?q=31.2617909,34.802667799999995"
456,20260111_211359.jpg,31.2618277,34.8026028,"https://www.google.com/maps?q=31.2617909,34.802667799999995"
457,20260111_211401.jpg,31.2618277,34.8026028,"https://www.google.com/maps?q=31.2617909,34.802667799999995"
458,20260111_211403.jpg,31.2618277,34.8026028,"https://www.google.com/maps?q=31.2617909,34.802667799999995"
459,20260111_211406.jpg,31.2618277,34.8026028,"https://www.google.com/maps?q=31.2617909,34.802667799999995"
460,20260111_211408.jpg,31.2618277,34.8026028,"https://www.google.com/maps?q=31.261790930555556,34.80266788055555"
461,20260111_211410.jpg,31.2618277,34.8026028,"https://www.google.com/maps?q=31.2617909,34.802667799999995"
462,20260111_211420.jpg,31.26194,34.8026109,"https://www.google.com/maps?q=31.2617909,34.802667799999995"
463,20260111_211422.jpg,31.26194,34.8026109,"https://www.google.com/maps?q=31.2617909,34.802667799999995"
464,20260111_211436.jpg,31.2620123,34.8026223,"https://www.google.com/maps?q=31.2617909,34.802667799999995"
465,20260111_211438.jpg,31.2620123,34.8026223,"https://www.google.com/maps?q=31.2617909,34.802667799999995"
466,20260111_211449.jpg,31.261983,34.8027591,"https://www.google.com/maps?q=31.2619538,34.80281219972222"
467,20260111_211500.jpg,31.261983,34.8027591,"https://www.google.com/maps?q=31.261975080555555,34.802794111111105"
468,20260111_211507.jpg,31.2620616,34.8028818,"https://www.google.com/maps?q=31.261990199722224,34.802861799999995"
469,20260111_211514.jpg,31.2620616,34.8028818,"https://www.google.com/maps?q=31.261990199722224,34.802861799999995"
470,20260111_211518.jpg,31.2620616,34.8028818,"https://www.google.com/maps?q=31.261990199722224,34.802861799999995"
471,20260111_211533.jpg,31.2620616,34.8028818,"https://www.google.com/maps?q=31.261990199722224,34.802861799999995"
472,20260111_211535.jpg,31.2620616,34.8028818,"https://www.google.com/maps?q=31.261990199722224,34.802861799999995"
473,20260111_211537.jpg,31.2620616,34.8028818,"https://www.google.com/maps?q=31.261990199722224,34.802861799999995"
474,20260111_211553.jpg,31.2618414,34.8028811,"https://www.google.com/maps?q=31.261990199722224,34.802861799999995"
475,20260111_211617.jpg,31.2617641,34.8030306,"https://www.google.com/maps?q=31.2617536,34.8030688"
476,20260111_211619.jpg,31.2617641,34.8030306,"https://www.google.com/maps?q=31.261753599722223,34.80306879972222"
477,20260111_211621.jpg,31.2617709,34.8030648,"https://www.google.com/maps?q=31.2617536,34.8030688"
478,20260111_211624.jpg,31.2617709,34.8030648,"https://www.google.com/maps?q=31.261753599722223,34.80306879972222"
479,20260111_211627.jpg,31.261753599722223,34.80306879972222,"https://www.google.com/maps?q=31.261753599722223,34.80306879972222"
480,20260111_211638.jpg,31.2617721,34.8031041,"https://www.google.com/maps?q=31.261753599722223,34.80306879972222"
481,20260111_211645.jpg,31.2617698,34.8031825,"https://www.google.com/maps?q=31.261753599722223,34.80306879972222"
482,20260111_211649.jpg,31.2617698,34.8031825,"https://www.google.com/maps?q=31.261753599722223,34.80306879972222"
483,20260111_211652.jpg,31.261779,34.8032274,"https://www.google.com/maps?q=31.261753599722223,34.80306879972222"
484,20260111_211701.jpg,31.261779,34.8032274,"https://www.google.com/maps?q=31.2617536,34.8030688"
485,20260111_211704.jpg,31.2618019,34.8033226,"https://www.google.com/maps?q=31.261753599722223,34.80306879972222"
486,20260111_211706.jpg,31.2618093,34.8033112,"https://www.google.com/maps?q=31.261753599722223,34.80306879972222"
487,20260111_211707.jpg,31.2617916,34.8032716,"https://www.google.com/maps?q=31.261753599722223,34.80306879972222"
488,20260111_211709.jpg,31.2617985,34.8033306,"https://www.google.com/maps?q=31.261753599722223,34.80306879972222"
489,20260111_211719.jpg,31.2617985,34.8033306,"https://www.google.com/maps?q=31.2618887,34.8034368"
490,20260111_211721.jpg,31.2617887,34.8033709,"https://www.google.com/maps?q=31.261888747222223,34.80343683611111"
491,20260111_211723.jpg,31.2617887,34.8033709,"https://www.google.com/maps?q=31.261888747222223,34.80343683611111"
492,20260111_211724.jpg,31.2617887,34.8033709,"https://www.google.com/maps?q=31.261888747222223,34.80343683611111"
493,20260111_211731.jpg,31.2617887,34.8033709,"https://www.google.com/maps?q=31.2618887,34.8034368"
494,20260111_211754.jpg,31.2618174,34.803548,"https://www.google.com/maps?q=31.261887399722223,34.803391299999994"
495,20260111_211807.jpg,31.261924,34.8035554,"https://www.google.com/maps?q=31.26188748888889,34.80339132222222"
496,20260111_211809.jpg,31.2619309,34.8035346,"https://www.google.com/maps?q=31.261887399722223,34.803391299999994"
497,20260111_211810.jpg,31.2619309,34.8035346,"https://www.google.com/maps?q=31.261887399722223,34.803391299999994"
498,20260111_211812.jpg,31.2619028,34.8035372,"https://www.google.com/maps?q=31.261887399722223,34.803391299999994"
499,20260111_211824.jpg,31.2621045,34.8035051,"https://www.google.com/maps?q=31.261887399722223,34.803391299999994"
500,20260111_211852.jpg,31.2621229,34.8034762,"https://www.google.com/maps?q=31.261913499722223,34.80310339972222"
501,20260111_211916.jpg,31.2621355,34.8033864,"https://www.google.com/maps?q=31.261977999722223,34.80346529972222"
502,20260111_211920.jpg,31.2621636,34.8034347,"https://www.google.com/maps?q=31.261977999722223,34.80346529972222"
503,20260111_211922.jpg,31.2621636,34.8034347,"https://www.google.com/maps?q=31.261978097222222,34.80346533333333"
504,20260111_211924.jpg,31.2621636,34.8034347,"https://www.google.com/maps?q=31.261977999722223,34.80346529972222"
505,20260111_211938.jpg,31.2621475,34.8032596,"https://www.google.com/maps?q=31.261978097222222,34.80346533333333"
506,20260111_211940.jpg,31.2621441,34.8032489,"https://www.google.com/maps?q=31.261977999722223,34.80346529972222"
507,20260111_212008.jpg,31.2621653,34.8031121,"https://www.google.com/maps?q=31.262211,34.80329609972222"
508,20260111_212018.jpg,31.262167,34.8030826,"https://www.google.com/maps?q=31.262211030555555,34.80329610277777"
509,20260111_212025.jpg,31.262167,34.8030826,"https://www.google.com/maps?q=31.262211,34.80329609972222"
510,20260111_212028.jpg,31.262167,34.8030826,"https://www.google.com/maps?q=31.262211,34.80329609972222"
511,20260111_212044.jpg,31.2621733,34.8031389,"https://www.google.com/maps?q=31.262211030555555,34.80329610277777"
512,20260111_212047.jpg,31.2621458,34.8032375,"https://www.google.com/maps?q=31.262211,34.80329609972222"
513,20260111_212059.jpg,31.2621705,34.8034206,"https://www.google.com/maps?q=31.262211,34.80329609972222"
514,20260111_212101.jpg,31.2621452,34.8034642,"https://www.google.com/maps?q=31.262211,34.80329609972222"
515,20260111_212103.jpg,31.2621326,34.8033321,"https://www.google.com/maps?q=31.262211,34.80329609972222"
516,20260111_212105.jpg,31.2621613,34.8033314,"https://www.google.com/maps?q=31.262211,34.80329609972222"
517,20260111_212121.jpg,31.2620942,34.8033354,"https://www.google.com/maps?q=31.262211,34.80329609972222"
518,20260111_212123.jpg,31.2620346,34.8034883,"https://www.google.com/maps?q=31.262211,34.80329609972222"
519,20260111_212126.jpg,31.2620627,34.8034836,"https://www.google.com/maps?q=31.2619541,34.80332889972222"
520,20260111_212128.jpg,31.2620873,34.8034212,"https://www.google.com/maps?q=31.261970999722223,34.80337469972222"
521,20260111_212131.jpg,31.2620667,34.8033609,"https://www.google.com/maps?q=31.261970999722223,34.80337469972222"
522,20260111_212141.jpg,31.261932,34.8034756,"https://www.google.com/maps?q=31.2619711,34.803374725"
523,20260111_212143.jpg,31.2619589,34.8034635,"https://www.google.com/maps?q=31.261970999722223,34.80337469972222"
524,20260111_212145.jpg,31.2619847,34.8033777,"https://www.google.com/maps?q=31.2619711,34.803374725"
525,20260111_212154.jpg,31.2619383,34.8033535,"https://www.google.com/maps?q=31.2619235,34.80332899972222"
526,20260111_212203.jpg,31.2620094,34.8034038,"https://www.google.com/maps?q=31.261901444444444,34.80333835"
527,20260111_212210.jpg,31.2619016,34.8033227,"https://www.google.com/maps?q=31.261901399722223,34.8033383"
528,20260111_212212.jpg,31.2619022,34.8033937,"https://www.google.com/maps?q=31.261901399722223,34.8033383"
529,20260111_212214.jpg,31.2618896,34.8034494,"https://www.google.com/maps?q=31.261901399722223,34.8033383"
530,20260111_212226.jpg,31.2619246,34.8032717,"https://www.google.com/maps?q=31.261901444444444,34.80333835"
531,20260111_212230.jpg,31.2620723,34.8032939,"https://www.google.com/maps?q=31.261901399722223,34.8033383"
532,20260111_212245.jpg,31.2618477,34.8033536,"https://www.google.com/maps?q=31.261901444444444,34.80333835"
533,20260111_212247.jpg,31.2618477,34.8033536,"https://www.google.com/maps?q=31.261901444444444,34.80333835"
534,20260111_212249.jpg,31.2618878,34.8033677,"https://www.google.com/maps?q=31.261901399722223,34.8033383"
535,20260111_212254.jpg,31.2618787,34.8032906,"https://www.google.com/maps?q=31.262036999722223,34.80342449972222"
536,20260111_212314.jpg,31.2617761,34.8035413,"https://www.google.com/maps?q=31.261848799722223,34.803219399999996"
537,20260111_212317.jpg,31.2617761,34.8035413,"https://www.google.com/maps?q=31.262010899722224,34.803628599999996"
538,20260111_212328.jpg,31.2617743,34.8037264,"https://www.google.com/maps?q=31.262010899722224,34.803628599999996"
539,20260111_212330.jpg,31.2617743,34.8037264,"https://www.google.com/maps?q=31.262010899722224,34.803628599999996"
540,20260111_212337.jpg,31.2617669,34.8037653,"https://www.google.com/maps?q=31.262010899722224,34.803628599999996"
541,20260111_212343.jpg,31.2617669,34.8037653,"https://www.google.com/maps?q=31.262010899722224,34.803628599999996"
542,20260111_212345.jpg,31.2617669,34.8037653,"https://www.google.com/maps?q=31.262010997222223,34.80362869722222"
543,20260111_212356.jpg,31.2617778,34.8038994,"https://www.google.com/maps?q=31.261820980555555,34.803954838888885"
544,20260111_212358.jpg,31.2617778,34.8038994,"https://www.google.com/maps?q=31.261971599722223,34.804091199999995"
545,20260111_212400.jpg,31.2617778,34.8038994,"https://www.google.com/maps?q=31.261971599722223,34.804091199999995"
546,20260111_212412.jpg,31.261811,34.8039611,"https://www.google.com/maps?q=31.261971599722223,34.804091199999995"
547,20260111_212426.jpg,31.2618471,34.8039477,"https://www.google.com/maps?q=31.261971599722223,34.804091199999995"
548,20260111_212428.jpg,31.2618683,34.8039477,"https://www.google.com/maps?q=31.261971599722223,34.804091199999995"
549,20260111_212430.jpg,31.2618746,34.8039437,"https://www.google.com/maps?q=31.261971599722223,34.804091199999995"
550,20260111_212445.jpg,31.262073,34.803945,"https://www.google.com/maps?q=31.261971599722223,34.804091199999995"
551,20260111_212449.jpg,31.262073,34.803945,"https://www.google.com/maps?q=31.261971599722223,34.804091199999995"
552,20260111_212452.jpg,31.2621022,34.803949,"https://www.google.com/maps?q=31.261971599722223,34.804091199999995"
553,20260111_212453.jpg,31.2621022,34.803949,"https://www.google.com/maps?q=31.261986199722223,34.80333089972222"
554,20260111_212512.jpg,31.262164,34.8039459,"https://www.google.com/maps?q=31.262058230555557,34.80420981666666"
555,20260111_212525.jpg,31.2621812,34.8037734,"https://www.google.com/maps?q=31.262058230555557,34.80420981666666"
556,20260111_212527.jpg,31.2621812,34.8037285,"https://www.google.com/maps?q=31.262058230555557,34.80420981666666"
557,20260111_212541.jpg,31.2621841,34.8037104,"https://www.google.com/maps?q=31.262058199722222,34.804209799999995"
558,20260111_212543.jpg,31.2621841,34.8037104,"https://www.google.com/maps?q=31.262058230555557,34.80420981666666"
559,20260111_212545.jpg,31.2621841,34.8037104,"https://www.google.com/maps?q=31.262058199722222,34.804209799999995"
560,20260111_212547.jpg,31.2621841,34.8037104,"https://www.google.com/maps?q=31.262058199722222,34.804209799999995"
561,20260111_212605.jpg,31.2621766,34.803758,"https://www.google.com/maps?q=31.262058199722222,34.804209799999995"
562,20260111_212628.jpg,31.2621617,34.8039578,"https://www.google.com/maps?q=31.262058199722222,34.804209799999995"
563,20260111_212630.jpg,31.2621646,34.8039826,"https://www.google.com/maps?q=31.262058199722222,34.804209799999995"
564,20260111_212632.jpg,31.2621646,34.8039826,"https://www.google.com/maps?q=31.262058230555557,34.80420981666666"
565,20260111_212641.jpg,31.2621617,34.8041281,"https://www.google.com/maps?q=31.262058199722222,34.804209799999995"
566,20260111_212643.jpg,31.2621617,34.8041281,"https://www.google.com/maps?q=31.262058199722222,34.804209799999995"
567,20260111_212645.jpg,31.2621628,34.8041047,"https://www.google.com/maps?q=31.262058199722222,34.804209799999995"
568,20260111_212648.jpg,31.2621686,34.8041328,"https://www.google.com/maps?q=31.262058199722222,34.804209799999995"
569,20260111_212649.jpg,31.262156,34.8041663,"https://www.google.com/maps?q=31.262058199722222,34.804209799999995"
570,20260111_212715.jpg,31.2622425,34.8043293,"https://www.google.com/maps?q=31.2620256,34.803612799999996"
571,20260111_212717.jpg,31.2622425,34.8043293,"https://www.google.com/maps?q=31.262230699722224,34.80457049972222"
572,20260111_212724.jpg,31.2622431,34.8043367,"https://www.google.com/maps?q=31.2622058,34.80458689972222"
573,20260111_212741.jpg,31.2621262,34.8043132,"https://www.google.com/maps?q=31.2622058,34.80458689972222"
574,20260111_212743.jpg,31.2621244,34.8043414,"https://www.google.com/maps?q=31.2622058,34.80458689972222"
575,20260111_212755.jpg,31.2620866,34.8043119,"https://www.google.com/maps?q=31.2622058,34.80458689972222"
576,20260111_212758.jpg,31.2620201,34.8043105,"https://www.google.com/maps?q=31.2622058,34.80458689972222"
577,20260111_212759.jpg,31.262015,34.8043313,"https://www.google.com/maps?q=31.2622058,34.80458689972222"
578,20260111_212801.jpg,31.2620064,34.8043474,"https://www.google.com/maps?q=31.2622058,34.80458689972222"
579,20260111_212803.jpg,31.2620064,34.8043474,"https://www.google.com/maps?q=31.261984930555556,34.803842016666664"
580,20260111_212816.jpg,31.2619261,34.8043105,"https://www.google.com/maps?q=31.261949099722223,34.80384879972222"
581,20260111_212818.jpg,31.2618495,34.8043162,"https://www.google.com/maps?q=31.2619246,34.80438019972222"
582,20260111_212822.jpg,31.2618495,34.8043162,"https://www.google.com/maps?q=31.2619246,34.80438019972222"
583,20260111_212902.jpg,31.2618177,34.8040348,"https://www.google.com/maps?q=31.2620295,34.80434379972222"
584,20260111_212911.jpg,31.2618177,34.8040348,"https://www.google.com/maps?q=31.2620295,34.80434379972222"
585,20260111_213002.jpg,31.261985,34.804234,"https://www.google.com/maps?q=31.262024499722223,34.8043148"
586,20260111_213004.jpg,31.2620057,34.8041917,"https://www.google.com/maps?q=31.262024499722223,34.8043148"
587,20260111_213007.jpg,31.261961,34.8042159,"https://www.google.com/maps?q=31.262024499722223,34.8043148"
588,20260111_213008.jpg,31.2619168,34.8042508,"https://www.google.com/maps?q=31.262024499722223,34.8043148"
589,20260111_213018.jpg,31.2619054,34.8041428,"https://www.google.com/maps?q=31.262024499722223,34.8043148"
590,20260111_213020.jpg,31.2619518,34.8041334,"https://www.google.com/maps?q=31.262024499722223,34.8043148"
591,20260111_213023.jpg,31.2619655,34.8041864,"https://www.google.com/maps?q=31.262024575,34.80431484166667"
592,20260111_213034.jpg,31.2618624,34.8040335,"https://www.google.com/maps?q=31.262024499722223,34.8043148"
593,20260111_213036.jpg,31.2618589,34.8040824,"https://www.google.com/maps?q=31.262024499722223,34.8043148"
594,20260111_213038.jpg,31.2618629,34.8040368,"https://www.google.com/maps?q=31.262024575,34.80431484166667"
595,20260111_213050.jpg,31.2620074,34.8040221,"https://www.google.com/maps?q=31.2619115,34.80425329972222"
596,20260111_213056.jpg,31.2620188,34.804055,"https://www.google.com/maps?q=31.2619115,34.80425329972222"
597,20260111_213107.jpg,31.2620716,34.8040194,"https://www.google.com/maps?q=31.2619115,34.80425329972222"
598,20260111_213109.jpg,31.2620716,34.8040194,"https://www.google.com/maps?q=31.2619115,34.80425329972222"
599,20260111_213111.jpg,31.2620389,34.8040402,"https://www.google.com/maps?q=31.2619115,34.80425329972222"
600,20260111_213121.jpg,31.2620504,34.8041924,"https://www.google.com/maps?q=31.2619115,34.80425329972222"
601,20260111_213123.jpg,31.2620555,34.8041622,"https://www.google.com/maps?q=31.2619115,34.80425329972222"
602,20260111_213136.jpg,31.2619867,34.8041146,"https://www.google.com/maps?q=31.2619115,34.80425329972222"
603,20260111_213137.jpg,31.2619867,34.8041146,"https://www.google.com/maps?q=31.2619115,34.80425329972222"
604,20260111_213139.jpg,31.2620183,34.8041334,"https://www.google.com/maps?q=31.2619115,34.80425329972222"
605,PXL_20260118_121839343.jpg,31.2621461,34.804122,"https://www.google.com/maps?q=31.262308333333333,34.804202777777775"
606,PXL_20260118_121850202.jpg,31.262153,34.8040737,"https://www.google.com/maps?q=31.262308333333333,34.804202777777775"
607,PXL_20260118_121929006.jpg,31.2621407,34.8035381,"https://www.google.com/maps?q=31.262308333333333,34.804202777777775"
608,PXL_20260118_121947431.jpg,31.2621256,34.803324,"https://www.google.com/maps?q=31.262116666666667,34.80354166666666"
609,PXL_20260118_121949965.jpg,31.262129,34.8033394,"https://www.google.com/maps?q=31.262116666666667,34.80354166666666"
610,PXL_20260118_122025095.jpg,31.2621503,34.8028924,"https://www.google.com/maps?q=31.262116666666667,34.80354166666666"
611,PXL_20260118_122040800.jpg,31.262155,34.8026402,"https://www.google.com/maps?q=31.26182777777778,34.802588888888884"
612,PXL_20260118_122054187.jpg,31.262109,34.8024964,"https://www.google.com/maps?q=31.26182777777778,34.802588888888884"
613,PXL_20260118_122111098.jpg,31.2618206,34.8022655,"https://www.google.com/maps?q=31.26182777777778,34.802588888888884"
614,PXL_20260118_122124719.jpg,31.2618154,34.8021817,"https://www.google.com/maps?q=31.26182777777778,34.802588888888884"
615,PXL_20260118_122136314.jpg,31.2619908,34.8020589,"https://www.google.com/maps?q=31.26182777777778,34.802588888888884"
616,PXL_20260118_122146448.jpg,31.2619983,34.8019671,"https://www.google.com/maps?q=31.26182777777778,34.802588888888884"
617,PXL_20260118_122210061.jpg,31.2619891,34.8017666,"https://www.google.com/maps?q=31.26182777777778,34.802588888888884"
618,PXL_20260118_122216729.jpg,31.2619891,34.8017666,"https://www.google.com/maps?q=31.26182777777778,34.802588888888884"
619,PXL_20260118_122221221.jpg,31.2619731,34.8017327,"https://www.google.com/maps?q=31.26182777777778,34.802588888888884"
620,PXL_20260118_122235057.jpg,31.2620077,34.8015724,"https://www.google.com/maps?q=31.26182777777778,34.802588888888884"
621,PXL_20260118_122242943.jpg,31.2619785,34.8015201,"https://www.google.com/maps?q=31.26182777777778,34.802588888888884"
622,PXL_20260118_122255580.jpg,31.2619865,34.8013838,"https://www.google.com/maps?q=31.26182777777778,34.802588888888884"
623,PXL_20260118_122312695.jpg,31.262112,34.8012879,"https://www.google.com/maps?q=31.262002777777777,34.801002777777775"
624,PXL_20260118_122322854.jpg,31.2620272,34.8012845,"https://www.google.com/maps?q=31.262002777777777,34.801002777777775"
625,PXL_20260118_122330316.jpg,31.2620037,34.8012993,"https://www.google.com/maps?q=31.262002777777777,34.801002777777775"
626,PXL_20260118_122337353.jpg,31.261975,34.8012289,"https://www.google.com/maps?q=31.262002777777777,34.801002777777775"
627,PXL_20260118_122339430.jpg,31.2619721,34.8012658,"https://www.google.com/maps?q=31.262002777777777,34.801002777777775"
628,PXL_20260118_122417628.jpg,31.2620541,34.8010575,"https://www.google.com/maps?q=31.262002777777777,34.801002777777775"
629,PXL_20260118_122425656.jpg,31.2619504,34.8011346,"https://www.google.com/maps?q=31.262002777777777,34.801002777777775"
630,PXL_20260118_122435111.jpg,31.2619481,34.8012493,"https://www.google.com/maps?q=31.262002777777777,34.801002777777775"
631,PXL_20260118_122448078.jpg,31.2618137,34.8013034,"https://www.google.com/maps?q=31.261802777777778,34.801566666666666"
632,PXL_20260118_122449598.jpg,31.2618063,34.801278,"https://www.google.com/maps?q=31.261802777777778,34.801566666666666"
633,PXL_20260118_122453575.jpg,31.2617977,34.8012431,"https://www.google.com/maps?q=31.261802777777778,34.801566666666666"
634,PXL_20260118_122459856.jpg,31.2617874,34.8013671,"https://www.google.com/maps?q=31.261802777777778,34.801566666666666"
635,PXL_20260118_122507299.jpg,31.2617897,34.8012941,"https://www.google.com/maps?q=31.261802777777778,34.801566666666666"
636,PXL_20260118_122517944.jpg,31.2617805,34.8014738,"https://www.google.com/maps?q=31.261802777777778,34.801566666666666"
637,PXL_20260118_122524963.jpg,31.2617587,34.8014986,"https://www.google.com/maps?q=31.261802777777778,34.801566666666666"
638,PXL_20260118_122532925.jpg,31.2618206,34.8014624,"https://www.google.com/maps?q=31.261802777777778,34.801566666666666"
639,PXL_20260118_122538636.jpg,31.2618837,34.801455,"https://www.google.com/maps?q=31.261375,34.79841388888889"
640,PXL_20260118_122540365.jpg,31.2618711,34.8015274,"https://www.google.com/maps?q=31.261375,34.79841388888889"
641,PXL_20260118_122548666.jpg,31.2619181,34.8016038,"https://www.google.com/maps?q=31.261375,34.79841388888889"
642,PXL_20260118_122550043.jpg,31.2618802,34.8016012,"https://www.google.com/maps?q=31.261375,34.79841388888889"
643,PXL_20260118_122551780.jpg,31.261886,34.801628,"https://www.google.com/maps?q=31.261375,34.79841388888889"
644,PXL_20260118_122555732.jpg,31.261886,34.801628,"https://www.google.com/maps?q=31.261375,34.79841388888889"
645,PXL_20260118_122615927.jpg,31.2619522,34.8014139,"https://www.google.com/maps?q=31.261375,34.79841388888889"
646,PXL_20260118_122618341.jpg,31.2619923,34.8013911,"https://www.google.com/maps?q=31.261375,34.79841388888889"
647,PXL_20260118_122623140.jpg,31.2618623,34.8013613,"https://www.google.com/maps?q=31.261375,34.79841388888889"
648,PXL_20260118_122631126.jpg,31.2619878,34.8014858,"https://www.google.com/maps?q=31.261375,34.79841388888889"
649,PXL_20260118_122637322.jpg,31.2619901,34.8015423,"https://www.google.com/maps?q=31.261375,34.79841388888889"
650,PXL_20260118_122647005.jpg,31.2619919,34.8016248,"https://www.google.com/maps?q=31.261375,34.79841388888889"
651,PXL_20260118_122656507.jpg,31.2619831,34.8016298,"https://www.google.com/maps?q=31.261375,34.79841388888889"
652,PXL_20260118_122657982.jpg,31.2619922,34.8017196,"https://www.google.com/maps?q=31.261375,34.79841388888889"
653,PXL_20260118_122706457.jpg,31.2618822,34.8017344,"https://www.google.com/maps?q=31.261375,34.79841388888889"
654,PXL_20260118_122715066.jpg,31.2619143,34.8019101,"https://www.google.com/maps?q=31.261375,34.79841388888889"
655,PXL_20260118_122725012.jpg,31.261826,34.8019329,"https://www.google.com/maps?q=31.261941666666665,34.80190277777778"
656,PXL_20260118_122734541.jpg,31.2617588,34.8019986,"https://www.google.com/maps?q=31.261941666666665,34.80190277777778"
657,PXL_20260118_122736478.jpg,31.2617588,34.8019986,"https://www.google.com/maps?q=31.261941666666665,34.80190277777778"
658,PXL_20260118_122738398.jpg,31.2617588,34.8019986,"https://www.google.com/maps?q=31.261941666666665,34.80190277777778"
659,PXL_20260118_122758311.jpg,31.261792,34.8021468,"https://www.google.com/maps?q=31.261941666666665,34.80190277777778"
660,PXL_20260118_122807465.jpg,31.2617439,34.802307,"https://www.google.com/maps?q=31.261941666666665,34.80190277777778"
661,PXL_20260118_122817737.jpg,31.2617611,34.8024975,"https://www.google.com/maps?q=31.261941666666665,34.80190277777778"
662,PXL_20260118_122827150.jpg,31.2618379,34.8025229,"https://www.google.com/maps?q=31.261941666666665,34.80190277777778"
663,PXL_20260118_122828580.jpg,31.2618706,34.8025189,"https://www.google.com/maps?q=31.261941666666665,34.80190277777778"
664,PXL_20260118_122830012.jpg,31.2618706,34.8025189,"https://www.google.com/maps?q=31.261941666666665,34.80190277777778"
665,PXL_20260118_122838101.jpg,31.2619273,34.8025545,"https://www.google.com/maps?q=31.261941666666665,34.80190277777778"
666,PXL_20260118_122851261.jpg,31.2620786,34.8025115,"https://www.google.com/maps?q=31.261941666666665,34.80190277777778"
667,PXL_20260118_122857324.jpg,31.2619806,34.8025357,"https://www.google.com/maps?q=31.261941666666665,34.80190277777778"
668,PXL_20260118_122926143.jpg,31.2621721,34.8026148,"https://www.google.com/maps?q=31.261941666666665,34.80190277777778"
669,PXL_20260118_122929032.jpg,31.2621543,34.8027878,"https://www.google.com/maps?q=31.261941666666665,34.80190277777778"
670,PXL_20260118_122959522.jpg,31.2621577,34.8028756,"https://www.google.com/maps?q=31.261941666666665,34.80190277777778"
671,PXL_20260118_123005662.jpg,31.2621258,34.803216,"https://www.google.com/maps?q=31.261941666666665,34.80190277777778"
672,PXL_20260118_123010985.jpg,31.262129,34.8032845,"https://www.google.com/maps?q=31.261941666666665,34.80190277777778"
673,PXL_20260118_123017157.jpg,31.2621743,34.8033314,"https://www.google.com/maps?q=31.261941666666665,34.80190277777778"
674,PXL_20260118_123030461.jpg,31.2620957,34.8035152,"https://www.google.com/maps?q=31.261941666666665,34.80190277777778"
675,PXL_20260118_123032446.jpg,31.2621324,34.8034528,"https://www.google.com/maps?q=31.261941666666665,34.80190277777778"
676,PXL_20260118_123034403.jpg,31.2621198,34.8034951,"https://www.google.com/maps?q=31.261941666666665,34.80190277777778"
677,PXL_20260118_123046643.jpg,31.2620006,34.8035381,"https://www.google.com/maps?q=31.261941666666665,34.80190277777778"
678,PXL_20260118_123057978.jpg,31.2618842,34.8035422,"https://www.google.com/maps?q=31.261941666666665,34.80190277777778"
679,PXL_20260118_123100397.jpg,31.2618842,34.8035422,"https://www.google.com/maps?q=31.261941666666665,34.80190277777778"
680,PXL_20260118_123118583.jpg,31.2617627,34.8035938,"https://www.google.com/maps?q=31.261941666666665,34.80190277777778"
681,PXL_20260118_123132017.jpg,31.2617694,34.8038015,"https://www.google.com/maps?q=31.261941666666665,34.80190277777778"
682,PXL_20260118_123147452.jpg,31.2618536,34.8039546,"https://www.google.com/maps?q=31.261941666666665,34.80190277777778"
683,PXL_20260118_123148883.jpg,31.2618536,34.8039546,"https://www.google.com/maps?q=31.261941666666665,34.80190277777778"
684,PXL_20260118_123150109.jpg,31.2618536,34.8039546,"https://www.google.com/maps?q=31.261941666666665,34.80190277777778"
685,PXL_20260118_123200240.jpg,31.2619734,34.8039405,"https://www.google.com/maps?q=31.262019444444444,34.804224999999995"
686,PXL_20260118_123205734.jpg,31.2619734,34.8039405,"https://www.google.com/maps?q=31.262019444444444,34.804224999999995"
687,PXL_20260118_123207098.jpg,31.2619734,34.8039405,"https://www.google.com/maps?q=31.262019444444444,34.804224999999995"
688,PXL_20260118_123208444.jpg,31.2619734,34.8039405,"https://www.google.com/maps?q=31.262019444444444,34.804224999999995"
689,PXL_20260118_123218075.jpg,31.2621109,34.8039439,"https://www.google.com/maps?q=31.262019444444444,34.804224999999995"
690,PXL_20260118_123230610.jpg,31.2621379,34.8039546,"https://www.google.com/maps?q=31.262019444444444,34.804224999999995"
691,PXL_20260118_123232045.jpg,31.262139,34.8040263,"https://www.google.com/maps?q=31.262019444444444,34.804224999999995"
692,PXL_20260118_123238915.jpg,31.2621562,34.8041557,"https://www.google.com/maps?q=31.262019444444444,34.804224999999995"
693,PXL_20260118_123250004.jpg,31.2621247,34.8043073,"https://www.google.com/maps?q=31.262019444444444,34.804224999999995"
694,PXL_20260118_123251011.jpg,31.2621149,34.8043059,"https://www.google.com/maps?q=31.262019444444444,34.804224999999995"
695,PXL_20260118_123259300.jpg,31.2621562,34.8043803,"https://www.google.com/maps?q=31.262227777777778,34.80436944444444"
696,PXL_20260118_123300377.jpg,31.2621562,34.8043803,"https://www.google.com/maps?q=31.262227777777778,34.80436944444444"
697,PXL_20260118_123309252.jpg,31.2620765,34.8043985,"https://www.google.com/maps?q=31.262227777777778,34.80436944444444"
698,PXL_20260118_123310506.jpg,31.2620783,34.80443,"https://www.google.com/maps?q=31.262227777777778,34.80436944444444"
699,PXL_20260118_123313049.jpg,31.2621041,34.8044628,"https://www.google.com/maps?q=31.262227777777778,34.80436944444444"
700,PXL_20260118_123314401.jpg,31.2620548,34.8044608,"https://www.google.com/maps?q=31.262227777777778,34.80436944444444"
701,PXL_20260118_123316493.jpg,31.2620548,34.8044608,"https://www.google.com/maps?q=31.262227777777778,34.80436944444444"
702,PXL_20260118_123323873.jpg,31.2621803,34.8044829,"https://www.google.com/maps?q=31.262227777777778,34.80436944444444"
703,PXL_20260118_123333376.jpg,31.2622399,34.8044259,"https://www.google.com/maps?q=31.262227777777778,34.80436944444444"
704,PXL_20260118_123334620.jpg,31.2622399,34.8044259,"https://www.google.com/maps?q=31.262227777777778,34.80436944444444"
705,PXL_20260118_123339682.jpg,31.2622399,34.8044259,"https://www.google.com/maps?q=31.262227777777778,34.80436944444444"
706,PXL_20260118_123351289.jpg,31.2621986,34.8044119,"https://www.google.com/maps?q=31.262227777777778,34.80436944444444"
707,PXL_20260118_123357576.jpg,31.2621716,34.8043958,"https://www.google.com/maps?q=31.262119444444444,34.80435"
708,PXL_20260118_123401047.jpg,31.2621957,34.8043938,"https://www.google.com/maps?q=31.262119444444444,34.80435"
709,PXL_20260118_123423959.jpg,31.2620535,34.8042523,"https://www.google.com/maps?q=31.26213611111111,34.80428055555555"
710,PXL_20260118_123429923.jpg,31.2620409,34.8042503,"https://www.google.com/maps?q=31.26213611111111,34.80428055555555"
711,PXL_20260118_123446013.jpg,31.2619928,34.8042234,"https://www.google.com/maps?q=31.26213611111111,34.80428055555555"
712,PXL_20260118_123447386.jpg,31.2620243,34.8041939,"https://www.google.com/maps?q=31.26213611111111,34.80428055555555"
713,PXL_20260118_123457853.jpg,31.2619825,34.8040719,"https://www.google.com/maps?q=31.26213611111111,34.80428055555555"
714,PXL_20260118_123459431.jpg,31.2619951,34.8040652,"https://www.google.com/maps?q=31.26213611111111,34.80428055555555"
715,PXL_20260118_123503309.jpg,31.262026,34.8040504,"https://www.google.com/maps?q=31.26213611111111,34.80428055555555"
